<?xml version='1.0' encoding='utf-8'?>
<font producer="graide 1.0" upem="2048">

<glyph GID="0" PSName=".notdef" />
<glyph GID="1" PSName=".null" />
<glyph GID="2" PSName="nonmarkingreturn" />
<glyph GID="3" PSName="space" UID="0020" />
<glyph GID="4" PSName="guillemotleft" UID="00AB" />
<glyph GID="5" PSName="guillemotright" UID="00BB" />
<glyph GID="6" PSName="quoteright" UID="2019" />
<glyph GID="7" PSName="parenleft" UID="0028" />
<glyph GID="8" PSName="parenright" UID="0029" />
<glyph GID="9" PSName="asterisk" UID="002A" />
<glyph GID="10" PSName="plus" UID="002B" />
<glyph GID="11" PSName="comma" UID="002C" />
<glyph GID="12" PSName="hyphen" UID="002D" />
<glyph GID="13" PSName="period" UID="002E" />
<glyph GID="14" PSName="slash" UID="002F" />
<glyph GID="15" PSName="zero" UID="0030" />
<glyph GID="16" PSName="one" UID="0031" />
<glyph GID="17" PSName="two" UID="0032" />
<glyph GID="18" PSName="three" UID="0033" />
<glyph GID="19" PSName="four" UID="0034" />
<glyph GID="20" PSName="five" UID="0035" />
<glyph GID="21" PSName="six" UID="0036" />
<glyph GID="22" PSName="seven" UID="0037" />
<glyph GID="23" PSName="eight" UID="0038" />
<glyph GID="24" PSName="nine" UID="0039" />
<glyph GID="25" PSName="colon" UID="003A" />
<glyph GID="26" PSName="equal" UID="003D" />
<glyph GID="27" PSName="bracketleft" UID="005B" />
<glyph GID="28" PSName="backslash" UID="005C" />
<glyph GID="29" PSName="bracketright" UID="005D" />
<glyph GID="30" PSName="pi" UID="03C0" />
<glyph GID="31" PSName="braceleft" UID="007B" />
<glyph GID="32" PSName="braceright" UID="007D" />
<glyph GID="33" PSName="emdash" UID="2014" />
<glyph GID="34" PSName="periodcentered" UID="00B7" />
<glyph GID="35" PSName="paragraph" UID="00B6" />
<glyph GID="36" PSName="logicalnot" UID="00AC" />
<glyph GID="37" PSName="endash" UID="2013" />
<glyph GID="38" PSName="currency" UID="00A4" />
<glyph GID="39" PSName="ampersand" UID="0026" />
<glyph GID="40" PSName="less" UID="003C" />
<glyph GID="41" PSName="greater" UID="003E" />
<glyph GID="42" PSName="semicolon" UID="003B" />
<glyph GID="43" PSName="quotedbl" UID="0022" />
<glyph GID="44" PSName="numbersign" UID="0023" />
<glyph GID="45" PSName="dollar" UID="0024" />
<glyph GID="46" PSName="percent" UID="0025" />
<glyph GID="47" PSName="quotesingle" UID="0027" />
<glyph GID="48" PSName="question" UID="003F" />
<glyph GID="49" PSName="at" UID="0040" />
<glyph GID="50" PSName="A" UID="0041" />
<glyph GID="51" PSName="B" UID="0042" />
<glyph GID="52" PSName="C" UID="0043" />
<glyph GID="53" PSName="D" UID="0044" />
<glyph GID="54" PSName="E" UID="0045" />
<glyph GID="55" PSName="F" UID="0046" />
<glyph GID="56" PSName="G" UID="0047" />
<glyph GID="57" PSName="H" UID="0048" />
<glyph GID="58" PSName="I" UID="0049" />
<glyph GID="59" PSName="J" UID="004A" />
<glyph GID="60" PSName="K" UID="004B" />
<glyph GID="61" PSName="L" UID="004C" />
<glyph GID="62" PSName="M" UID="004D" />
<glyph GID="63" PSName="N" UID="004E" />
<glyph GID="64" PSName="O" UID="004F" />
<glyph GID="65" PSName="P" UID="0050" />
<glyph GID="66" PSName="Q" UID="0051" />
<glyph GID="67" PSName="R" UID="0052" />
<glyph GID="68" PSName="S" UID="0053" />
<glyph GID="69" PSName="T" UID="0054" />
<glyph GID="70" PSName="U" UID="0055" />
<glyph GID="71" PSName="V" UID="0056" />
<glyph GID="72" PSName="W" UID="0057" />
<glyph GID="73" PSName="X" UID="0058" />
<glyph GID="74" PSName="Y" UID="0059" />
<glyph GID="75" PSName="Z" UID="005A" />
<glyph GID="76" PSName="underscore" UID="005F" />
<glyph GID="77" PSName="grave" UID="0060" />
<glyph GID="78" PSName="a" UID="0061" />
<glyph GID="79" PSName="b" UID="0062" />
<glyph GID="80" PSName="c" UID="0063" />
<glyph GID="81" PSName="d" UID="0064" />
<glyph GID="82" PSName="e" UID="0065" />
<glyph GID="83" PSName="f" UID="0066" />
<glyph GID="84" PSName="g" UID="0067" />
<glyph GID="85" PSName="h" UID="0068" />
<glyph GID="86" PSName="i" UID="0069" />
<glyph GID="87" PSName="j" UID="006A" />
<glyph GID="88" PSName="k" UID="006B" />
<glyph GID="89" PSName="l" UID="006C" />
<glyph GID="90" PSName="m" UID="006D" />
<glyph GID="91" PSName="n" UID="006E" />
<glyph GID="92" PSName="o" UID="006F" />
<glyph GID="93" PSName="p" UID="0070" />
<glyph GID="94" PSName="q" UID="0071" />
<glyph GID="95" PSName="r" UID="0072" />
<glyph GID="96" PSName="s" UID="0073" />
<glyph GID="97" PSName="t" UID="0074" />
<glyph GID="98" PSName="u" UID="0075" />
<glyph GID="99" PSName="v" UID="0076" />
<glyph GID="100" PSName="w" UID="0077" />
<glyph GID="101" PSName="x" UID="0078" />
<glyph GID="102" PSName="y" UID="0079" />
<glyph GID="103" PSName="z" UID="007A" />
<glyph GID="104" PSName="bar" UID="007C" />
<glyph GID="105" PSName="asciitilde" UID="007E" />
<glyph GID="106" PSName="quotesinglbase" UID="201A" />
<glyph GID="107" PSName="florin" UID="0192" />
<glyph GID="108" PSName="quotedblbase" UID="201E" />
<glyph GID="109" PSName="ellipsis" UID="2026" />
<glyph GID="110" PSName="dagger" UID="2020" />
<glyph GID="111" PSName="daggerdbl" UID="2021" />
<glyph GID="112" PSName="circumflex" UID="02C6" />
<glyph GID="113" PSName="perthousand" UID="2030" />
<glyph GID="114" PSName="guilsinglleft" UID="2039" />
<glyph GID="115" PSName="OE" UID="0152" />
<glyph GID="116" PSName="quoteleft" UID="2018" />
<glyph GID="117" PSName="quotedblleft" UID="201C" />
<glyph GID="118" PSName="quotedblright" UID="201D" />
<glyph GID="119" PSName="bullet" UID="2022" />
<glyph GID="120" PSName="tilde" UID="02DC" />
<glyph GID="121" PSName="trademark" UID="2122" />
<glyph GID="122" PSName="guilsinglright" UID="203A" />
<glyph GID="123" PSName="oe" UID="0153" />
<glyph GID="124" PSName="Ydieresis" UID="0178" />
<glyph GID="125" PSName="exclamdown" UID="00A1" />
<glyph GID="126" PSName="cent" UID="00A2" />
<glyph GID="127" PSName="sterling" UID="00A3" />
<glyph GID="128" PSName="yen" UID="00A5" />
<glyph GID="129" PSName="section" UID="00A7" />
<glyph GID="130" PSName="dieresis" UID="00A8" />
<glyph GID="131" PSName="copyright" UID="00A9" />
<glyph GID="132" PSName="ordfeminine" UID="00AA" />
<glyph GID="133" PSName="registered" UID="00AE" />
<glyph GID="134" PSName="macron" UID="00AF" />
<glyph GID="135" PSName="degree" UID="00B0" />
<glyph GID="136" PSName="plusminus" UID="00B1" />
<glyph GID="137" PSName="acute" UID="00B4" />
<glyph GID="138" PSName="mu" UID="00B5" />
<glyph GID="139" PSName="cedilla" UID="00B8" />
<glyph GID="140" PSName="ordmasculine" UID="00BA" />
<glyph GID="141" PSName="questiondown" UID="00BF" />
<glyph GID="142" PSName="Agrave" UID="00C0" />
<glyph GID="143" PSName="Aacute" UID="00C1" />
<glyph GID="144" PSName="Acircumflex" UID="00C2" />
<glyph GID="145" PSName="Atilde" UID="00C3" />
<glyph GID="146" PSName="Adieresis" UID="00C4" />
<glyph GID="147" PSName="Aring" UID="00C5" />
<glyph GID="148" PSName="AE" UID="00C6" />
<glyph GID="149" PSName="Ccedilla" UID="00C7" />
<glyph GID="150" PSName="Egrave" UID="00C8" />
<glyph GID="151" PSName="Eacute" UID="00C9" />
<glyph GID="152" PSName="Ecircumflex" UID="00CA" />
<glyph GID="153" PSName="Edieresis" UID="00CB" />
<glyph GID="154" PSName="Igrave" UID="00CC" />
<glyph GID="155" PSName="Iacute" UID="00CD" />
<glyph GID="156" PSName="Icircumflex" UID="00CE" />
<glyph GID="157" PSName="Idieresis" UID="00CF" />
<glyph GID="158" PSName="Ntilde" UID="00D1" />
<glyph GID="159" PSName="Ograve" UID="00D2" />
<glyph GID="160" PSName="Oacute" UID="00D3" />
<glyph GID="161" PSName="Ocircumflex" UID="00D4" />
<glyph GID="162" PSName="Otilde" UID="00D5" />
<glyph GID="163" PSName="Odieresis" UID="00D6" />
<glyph GID="164" PSName="Oslash" UID="00D8" />
<glyph GID="165" PSName="Ugrave" UID="00D9" />
<glyph GID="166" PSName="Uacute" UID="00DA" />
<glyph GID="167" PSName="Ucircumflex" UID="00DB" />
<glyph GID="168" PSName="Udieresis" UID="00DC" />
<glyph GID="169" PSName="germandbls" UID="00DF" />
<glyph GID="170" PSName="agrave" UID="00E0" />
<glyph GID="171" PSName="aacute" UID="00E1" />
<glyph GID="172" PSName="acircumflex" UID="00E2" />
<glyph GID="173" PSName="atilde" UID="00E3" />
<glyph GID="174" PSName="adieresis" UID="00E4" />
<glyph GID="175" PSName="aring" UID="00E5" />
<glyph GID="176" PSName="ae" UID="00E6" />
<glyph GID="177" PSName="ccedilla" UID="00E7" />
<glyph GID="178" PSName="egrave" UID="00E8" />
<glyph GID="179" PSName="eacute" UID="00E9" />
<glyph GID="180" PSName="ecircumflex" UID="00EA" />
<glyph GID="181" PSName="edieresis" UID="00EB" />
<glyph GID="182" PSName="igrave" UID="00EC" />
<glyph GID="183" PSName="iacute" UID="00ED" />
<glyph GID="184" PSName="icircumflex" UID="00EE" />
<glyph GID="185" PSName="idieresis" UID="00EF" />
<glyph GID="186" PSName="ntilde" UID="00F1" />
<glyph GID="187" PSName="ograve" UID="00F2" />
<glyph GID="188" PSName="oacute" UID="00F3" />
<glyph GID="189" PSName="ocircumflex" UID="00F4" />
<glyph GID="190" PSName="otilde" UID="00F5" />
<glyph GID="191" PSName="odieresis" UID="00F6" />
<glyph GID="192" PSName="divide" UID="00F7" />
<glyph GID="193" PSName="oslash" UID="00F8" />
<glyph GID="194" PSName="ugrave" UID="00F9" />
<glyph GID="195" PSName="uacute" UID="00FA" />
<glyph GID="196" PSName="ucircumflex" UID="00FB" />
<glyph GID="197" PSName="udieresis" UID="00FC" />
<glyph GID="198" PSName="ydieresis" UID="00FF" />
<glyph GID="199" PSName="asciicircum" UID="005E" />
<glyph GID="200" PSName="space" UID="00A0">
    <property name="GDLName" value="g_space_1" />
</glyph>
<glyph GID="201" PSName="exclam" UID="0021" />
<glyph GID="202" PSName="uni1FFD" UID="1FFD" />
<glyph GID="203" PSName="anoteleia" UID="0387" />
<glyph GID="204" PSName="uni1FFE" UID="1FFE" />
<glyph GID="205" PSName="uni1FBF" UID="1FBF" />
<glyph GID="206" PSName="uni037E" UID="037E" />
<glyph GID="207" PSName="sigma1" UID="03C2" />
<glyph GID="208" PSName="Alpha" UID="0391" />
<glyph GID="209" PSName="Beta" UID="0392" />
<glyph GID="210" PSName="Chi" UID="03A7" />
<glyph GID="211" PSName="Delta" UID="0394" />
<glyph GID="212" PSName="Epsilon" UID="0395" />
<glyph GID="213" PSName="Phi" UID="03A6" />
<glyph GID="214" PSName="Gamma" UID="0393" />
<glyph GID="215" PSName="Eta" UID="0397" />
<glyph GID="216" PSName="Iota" UID="0399" />
<glyph GID="217" PSName="Kappa" UID="039A" />
<glyph GID="218" PSName="Lambda" UID="039B" />
<glyph GID="219" PSName="Mu" UID="039C" />
<glyph GID="220" PSName="Nu" UID="039D" />
<glyph GID="221" PSName="Omicron" UID="039F" />
<glyph GID="222" PSName="Pi" UID="03A0" />
<glyph GID="223" PSName="Theta" UID="0398" />
<glyph GID="224" PSName="Rho" UID="03A1" />
<glyph GID="225" PSName="Sigma" UID="03A3" />
<glyph GID="226" PSName="Tau" UID="03A4" />
<glyph GID="227" PSName="Upsilon" UID="03A5" />
<glyph GID="228" PSName="Omega" UID="03A9" />
<glyph GID="229" PSName="Xi" UID="039E" />
<glyph GID="230" PSName="Psi" UID="03A8" />
<glyph GID="231" PSName="Zeta" UID="0396" />
<glyph GID="232" PSName="uni1FC0" UID="1FC0" />
<glyph GID="233" PSName="uni037A" UID="037A">
    <point type="_lowerIota">
        <location x="0" y="0" />
    </point>
</glyph>
<glyph GID="234" PSName="uni1FEF" UID="1FEF" />
<glyph GID="235" PSName="alpha" UID="03B1">
    <point type="lowerIota">
        <location x="389" y="0" />
    </point>
</glyph>
<glyph GID="236" PSName="beta" UID="03B2" />
<glyph GID="237" PSName="chi" UID="03C7" />
<glyph GID="238" PSName="delta" UID="03B4" />
<glyph GID="239" PSName="epsilon" UID="03B5" />
<glyph GID="240" PSName="phi1" UID="03D5" />
<glyph GID="241" PSName="gamma" UID="03B3" />
<glyph GID="242" PSName="eta" UID="03B7">
    <point type="lowerIota">
        <location x="163" y="-11" />
    </point>
</glyph>
<glyph GID="243" PSName="iota" UID="03B9" />
<glyph GID="244" PSName="kappa" UID="03BA" />
<glyph GID="245" PSName="lambda" UID="03BB" />
<glyph GID="246" PSName="mu" UID="03BC">
    <property name="GDLName" value="g_mu_1" />
</glyph>
<glyph GID="247" PSName="nu" UID="03BD" />
<glyph GID="248" PSName="omicron" UID="03BF" />
<glyph GID="249" PSName="theta" UID="03B8" />
<glyph GID="250" PSName="rho" UID="03C1" />
<glyph GID="251" PSName="sigma" UID="03C3" />
<glyph GID="252" PSName="tau" UID="03C4" />
<glyph GID="253" PSName="upsilon" UID="03C5" />
<glyph GID="254" PSName="omega" UID="03C9">
    <point type="lowerIota">
        <location x="569" y="0" />
    </point>
</glyph>
<glyph GID="255" PSName="xi" UID="03BE" />
<glyph GID="256" PSName="psi" UID="03C8" />
<glyph GID="257" PSName="zeta" UID="03B6" />
<glyph GID="258" PSName="afii301" UID="200D" />
<glyph GID="259" PSName="Alpha.copy" />
<glyph GID="260" PSName="uni1F71" UID="1F71" />
<glyph GID="261" PSName="uni1F70" UID="1F70" />
<glyph GID="262" PSName="uni1FB6" UID="1FB6" />
<glyph GID="263" PSName="uni1F01" UID="1F01" />
<glyph GID="264" PSName="uni1F05" UID="1F05" />
<glyph GID="265" PSName="uni1F03" UID="1F03" />
<glyph GID="266" PSName="uni1F07" UID="1F07" />
<glyph GID="267" PSName="uni1F00" UID="1F00" />
<glyph GID="268" PSName="uni1F04" UID="1F04" />
<glyph GID="269" PSName="uni1F02" UID="1F02" />
<glyph GID="270" PSName="uni1F06" UID="1F06" />
<glyph GID="271" PSName="uni1FB3" UID="1FB3" />
<glyph GID="272" PSName="uni1FB4" UID="1FB4" />
<glyph GID="273" PSName="uni1FB2" UID="1FB2" />
<glyph GID="274" PSName="uni1FB7" UID="1FB7" />
<glyph GID="275" PSName="uni1F81" UID="1F81" />
<glyph GID="276" PSName="uni1F85" UID="1F85" />
<glyph GID="277" PSName="uni1F83" UID="1F83" />
<glyph GID="278" PSName="uni1F87" UID="1F87" />
<glyph GID="279" PSName="uni1F80" UID="1F80" />
<glyph GID="280" PSName="uni1F84" UID="1F84" />
<glyph GID="281" PSName="uni1F82" UID="1F82" />
<glyph GID="282" PSName="uni1F86" UID="1F86" />
<glyph GID="283" PSName="uni1F73" UID="1F73" />
<glyph GID="284" PSName="uni1F72" UID="1F72" />
<glyph GID="285" PSName="uni1F11" UID="1F11" />
<glyph GID="286" PSName="uni1F15" UID="1F15" />
<glyph GID="287" PSName="uni1F13" UID="1F13" />
<glyph GID="288" PSName="uni1F10" UID="1F10" />
<glyph GID="289" PSName="uni1F14" UID="1F14" />
<glyph GID="290" PSName="uni1F12" UID="1F12" />
<glyph GID="291" PSName="uni200B" UID="200B" />
<glyph GID="292" PSName="uni1F75" UID="1F75" />
<glyph GID="293" PSName="uni1F74" UID="1F74" />
<glyph GID="294" PSName="uni1FC6" UID="1FC6" />
<glyph GID="295" PSName="uni1F21" UID="1F21" />
<glyph GID="296" PSName="uni1F25" UID="1F25" />
<glyph GID="297" PSName="uni1F23" UID="1F23" />
<glyph GID="298" PSName="uni1F27" UID="1F27" />
<glyph GID="299" PSName="uni1F20" UID="1F20" />
<glyph GID="300" PSName="uni1F24" UID="1F24" />
<glyph GID="301" PSName="uni1F22" UID="1F22" />
<glyph GID="302" PSName="uni1F26" UID="1F26" />
<glyph GID="303" PSName="uni1FC3" UID="1FC3" />
<glyph GID="304" PSName="uni1FC4" UID="1FC4" />
<glyph GID="305" PSName="uni1FC2" UID="1FC2" />
<glyph GID="306" PSName="uni1FC7" UID="1FC7" />
<glyph GID="307" PSName="uni1F91" UID="1F91" />
<glyph GID="308" PSName="uni1F95" UID="1F95" />
<glyph GID="309" PSName="uni1F93" UID="1F93" />
<glyph GID="310" PSName="uni1F97" UID="1F97" />
<glyph GID="311" PSName="uni1F90" UID="1F90" />
<glyph GID="312" PSName="uni1F94" UID="1F94" />
<glyph GID="313" PSName="uni1F92" UID="1F92" />
<glyph GID="314" PSName="uni1F96" UID="1F96" />
<glyph GID="315" PSName="uni1F79" UID="1F79" />
<glyph GID="316" PSName="uni1F78" UID="1F78" />
<glyph GID="317" PSName="uni1F41" UID="1F41" />
<glyph GID="318" PSName="uni1F45" UID="1F45" />
<glyph GID="319" PSName="uni1F43" UID="1F43" />
<glyph GID="320" PSName="uni1F40" UID="1F40" />
<glyph GID="321" PSName="uni1F44" UID="1F44" />
<glyph GID="322" PSName="uni1F42" UID="1F42" />
<glyph GID="323" PSName="SIL_modifier_glyph" />
<glyph GID="324" PSName="uni1F7D" UID="1F7D" />
<glyph GID="325" PSName="uni1F7C" UID="1F7C" />
<glyph GID="326" PSName="uni1FF6" UID="1FF6" />
<glyph GID="327" PSName="uni1F61" UID="1F61" />
<glyph GID="328" PSName="uni1F65" UID="1F65" />
<glyph GID="329" PSName="uni1F63" UID="1F63" />
<glyph GID="330" PSName="uni1F67" UID="1F67" />
<glyph GID="331" PSName="uni1F60" UID="1F60" />
<glyph GID="332" PSName="uni1F64" UID="1F64" />
<glyph GID="333" PSName="uni1F62" UID="1F62" />
<glyph GID="334" PSName="uni1F66" UID="1F66" />
<glyph GID="335" PSName="uni1FF3" UID="1FF3" />
<glyph GID="336" PSName="uni1FF4" UID="1FF4" />
<glyph GID="337" PSName="uni1FF2" UID="1FF2" />
<glyph GID="338" PSName="uni1FF7" UID="1FF7" />
<glyph GID="339" PSName="uni1FA1" UID="1FA1" />
<glyph GID="340" PSName="uni1FA5" UID="1FA5" />
<glyph GID="341" PSName="uni1FA3" UID="1FA3" />
<glyph GID="342" PSName="uni1FA7" UID="1FA7" />
<glyph GID="343" PSName="uni1FA0" UID="1FA0" />
<glyph GID="344" PSName="uni1FA4" UID="1FA4" />
<glyph GID="345" PSName="uni1FA2" UID="1FA2" />
<glyph GID="346" PSName="uni1FA6" UID="1FA6" />
<glyph GID="347" PSName="uni1FDE" UID="1FDE" />
<glyph GID="348" PSName="uni1FDD" UID="1FDD" />
<glyph GID="349" PSName="uni1FDF" UID="1FDF" />
<glyph GID="350" PSName="uni1FCE" UID="1FCE" />
<glyph GID="351" PSName="uni1FCD" UID="1FCD" />
<glyph GID="352" PSName="uni1FCF" UID="1FCF" />
<glyph GID="353" PSName="uni1FEE" UID="1FEE" />
<glyph GID="354" PSName="uni1FED" UID="1FED" />
<glyph GID="355" PSName="uni1FC1" UID="1FC1" />
<glyph GID="356" PSName="uni1F77" UID="1F77" />
<glyph GID="357" PSName="uni1F76" UID="1F76" />
<glyph GID="358" PSName="uni1FD6" UID="1FD6" />
<glyph GID="359" PSName="uni1F31" UID="1F31" />
<glyph GID="360" PSName="uni1F35" UID="1F35" />
<glyph GID="361" PSName="uni1F33" UID="1F33" />
<glyph GID="362" PSName="uni1F37" UID="1F37" />
<glyph GID="363" PSName="uni1F30" UID="1F30" />
<glyph GID="364" PSName="uni1F34" UID="1F34" />
<glyph GID="365" PSName="uni1F32" UID="1F32" />
<glyph GID="366" PSName="uni1F36" UID="1F36" />
<glyph GID="367" PSName="iotadieresis" UID="03CA" />
<glyph GID="368" PSName="uni1FD3" UID="1FD3" />
<glyph GID="369" PSName="uni1FD2" UID="1FD2" />
<glyph GID="370" PSName="uni1FD7" UID="1FD7" />
<glyph GID="371" PSName="uni1FE5" UID="1FE5" />
<glyph GID="372" PSName="uni1F7B" UID="1F7B" />
<glyph GID="373" PSName="uni1F7A" UID="1F7A" />
<glyph GID="374" PSName="uni1FE6" UID="1FE6" />
<glyph GID="375" PSName="uni1F51" UID="1F51" />
<glyph GID="376" PSName="uni1F55" UID="1F55" />
<glyph GID="377" PSName="uni1F53" UID="1F53" />
<glyph GID="378" PSName="uni1F57" UID="1F57" />
<glyph GID="379" PSName="uni1F50" UID="1F50" />
<glyph GID="380" PSName="uni1F54" UID="1F54" />
<glyph GID="381" PSName="uni1F52" UID="1F52" />
<glyph GID="382" PSName="uni1F56" UID="1F56" />
<glyph GID="383" PSName="upsilondieresis" UID="03CB" />
<glyph GID="384" PSName="uni1FE3" UID="1FE3" />
<glyph GID="385" PSName="uni1FE2" UID="1FE2" />
<glyph GID="386" PSName="uni1FE7" UID="1FE7" />
<glyph GID="387" PSName="uni1FE4" UID="1FE4" />
<glyph GID="388" PSName="uni1FC0.tilde" />
<glyph GID="389" PSName="uni1FB6.tilde" />
<glyph GID="390" PSName="uni1F07.tilde" />
<glyph GID="391" PSName="uni1F06.tilde" />
<glyph GID="392" PSName="uni1FB7.tilde" />
<glyph GID="393" PSName="uni1F87.tilde" />
<glyph GID="394" PSName="uni1F86.tilde" />
<glyph GID="395" PSName="uni1FC6.tilde" />
<glyph GID="396" PSName="uni1F27.tilde" />
<glyph GID="397" PSName="uni1F26.tilde" />
<glyph GID="398" PSName="uni1FC7.tilde" />
<glyph GID="399" PSName="uni1F97.tilde" />
<glyph GID="400" PSName="uni1F96.tilde" />
<glyph GID="401" PSName="uni1FF6.tilde" />
<glyph GID="402" PSName="uni1F67.tilde" />
<glyph GID="403" PSName="uni1F66.tilde" />
<glyph GID="404" PSName="uni1FF7.tilde" />
<glyph GID="405" PSName="uni1FA7.tilde" />
<glyph GID="406" PSName="uni1FA6.tilde" />
<glyph GID="407" PSName="uni1FDF.tilde" />
<glyph GID="408" PSName="uni1FCF.tilde" />
<glyph GID="409" PSName="uni1FC1.tilde" />
<glyph GID="410" PSName="uni1FD6.tilde" />
<glyph GID="411" PSName="uni1F37.tilde" />
<glyph GID="412" PSName="uni1F36.tilde" />
<glyph GID="413" PSName="uni1FD7.tilde" />
<glyph GID="414" PSName="uni1FE6.tilde" />
<glyph GID="415" PSName="uni1F57.tilde" />
<glyph GID="416" PSName="uni1F56.tilde" />
<glyph GID="417" PSName="uni1FE7.tilde" />
<glyph GID="418" PSName="uni03F5" UID="03F5" />
<glyph GID="419" PSName="uni1F73.lunate" />
<glyph GID="420" PSName="uni1F72.lunate" />
<glyph GID="421" PSName="uni1F11.lunate" />
<glyph GID="422" PSName="uni1F15.lunate" />
<glyph GID="423" PSName="uni1F13.lunate" />
<glyph GID="424" PSName="uni1F10.lunate" />
<glyph GID="425" PSName="uni1F14.lunate" />
<glyph GID="426" PSName="uni1F12.lunate" />
<glyph GID="427" PSName="phi" UID="03C6" />
<glyph GID="428" PSName="theta1" UID="03D1" />
<glyph GID="429" PSName="uni03F1" UID="03F1" />
<glyph GID="430" PSName="uni1FE5.alt" />
<glyph GID="431" PSName="uni1FE4.alt" />
<glyph GID="432" PSName="uni03F0" UID="03F0" />
<glyph GID="433" PSName="tonos" UID="0384" />
<glyph GID="434" PSName="dieresistonos" UID="0385" />
<glyph GID="435" PSName="Alphatonos" UID="0386" />
<glyph GID="436" PSName="Epsilontonos" UID="0388" />
<glyph GID="437" PSName="Etatonos" UID="0389" />
<glyph GID="438" PSName="Iotatonos" UID="038A" />
<glyph GID="439" PSName="Omicrontonos" UID="038C" />
<glyph GID="440" PSName="Upsilontonos" UID="038E" />
<glyph GID="441" PSName="Omegatonos" UID="038F" />
<glyph GID="442" PSName="Iotadieresis" UID="03AA" />
<glyph GID="443" PSName="Upsilondieresis" UID="03AB" />
<glyph GID="444" PSName="alphatonos" UID="03AC" />
<glyph GID="445" PSName="epsilontonos" UID="03AD" />
<glyph GID="446" PSName="epsilontonos.lunate" />
<glyph GID="447" PSName="etatonos" UID="03AE" />
<glyph GID="448" PSName="iotatonos" UID="03AF" />
<glyph GID="449" PSName="omicrontonos" UID="03CC" />
<glyph GID="450" PSName="upsilontonos" UID="03CD" />
<glyph GID="451" PSName="omegatonos" UID="03CE" />
<glyph GID="452" PSName="iotadieresistonos" UID="0390" />
<glyph GID="453" PSName="upsilondieresistonos" UID="03B0" />
<glyph GID="454" PSName="uni03D0" UID="03D0" />
<glyph GID="455" PSName="omega1" UID="03D6" />
<glyph GID="456" PSName="Upsilon1" UID="03D2" />
<glyph GID="457" PSName="uni03D3" UID="03D3" />
<glyph GID="458" PSName="uni03D4" UID="03D4" />
<glyph GID="459" PSName="uni1FBC.under" />
<glyph GID="460" PSName="uni1FCC.under" />
<glyph GID="461" PSName="uni1FFC.under" />
<glyph GID="462" PSName="uni03F2.capital" />
<glyph GID="463" PSName="uni03F2" UID="03F2" />
<glyph GID="464" PSName="uni03DA" UID="03DA" />
<glyph GID="465" PSName="uni03DB" UID="03DB" />
<glyph GID="466" PSName="uni03DC" UID="03DC" />
<glyph GID="467" PSName="uni03DD.alt2" />
<glyph GID="468" PSName="uni03DD" UID="03DD" />
<glyph GID="469" PSName="uni03DE.alt" />
<glyph GID="470" PSName="uni03DE.alt2" />
<glyph GID="471" PSName="uni03DF.alt" />
<glyph GID="472" PSName="uni03DE" UID="03DE" />
<glyph GID="473" PSName="uni03DF" UID="03DF" />
<glyph GID="474" PSName="uni03E0.alt" />
<glyph GID="475" PSName="uni03E0" UID="03E0" />
<glyph GID="476" PSName="uni03E1.alt" />
<glyph GID="477" PSName="uni03E1" UID="03E1" />
<glyph GID="478" PSName="uni0374" UID="0374" />
<glyph GID="479" PSName="uni0375" UID="0375" />
<glyph GID="480" PSName="uni00310030" />
<glyph GID="481" PSName="uni00320030" />
<glyph GID="482" PSName="uni00330030" />
<glyph GID="483" PSName="uni00340030" />
<glyph GID="484" PSName="uni00350030" />
<glyph GID="485" PSName="uni00360030" />
<glyph GID="486" PSName="uni00370030" />
<glyph GID="487" PSName="uni00380030" />
<glyph GID="488" PSName="uni00390030" />
<glyph GID="489" PSName="uni003100300030" />
<glyph GID="490" PSName="uni003200300030" />
<glyph GID="491" PSName="uni003300300030" />
<glyph GID="492" PSName="uni003400300030" />
<glyph GID="493" PSName="uni003500300030" />
<glyph GID="494" PSName="uni003600300030" />
<glyph GID="495" PSName="uni003700300030" />
<glyph GID="496" PSName="uni003800300030" />
<glyph GID="497" PSName="uni003900300030" />
<glyph GID="498" PSName="uni0031003000300030" />
<glyph GID="499" PSName="uni0032003000300030" />
<glyph GID="500" PSName="uni0033003000300030" />
<glyph GID="501" PSName="uni0034003000300030" />
<glyph GID="502" PSName="uni0035003000300030" />
<glyph GID="503" PSName="uni0036003000300030" />
<glyph GID="504" PSName="uni0037003000300030" />
<glyph GID="505" PSName="uni0038003000300030" />
<glyph GID="506" PSName="uni0039003000300030" />
<glyph GID="507" PSName="uni00310030003000300030" />
<glyph GID="508" PSName="uni03B10374" />
<glyph GID="509" PSName="uni03B20374" />
<glyph GID="510" PSName="uni03B30374" />
<glyph GID="511" PSName="uni03B40374" />
<glyph GID="512" PSName="uni03B50374" />
<glyph GID="513" PSName="uni03B50374.alt" />
<glyph GID="514" PSName="uni03DD0374" />
<glyph GID="515" PSName="uni03DD0374.alt" />
<glyph GID="516" PSName="uni03B60374" />
<glyph GID="517" PSName="uni03B70374" />
<glyph GID="518" PSName="uni03B80374" />
<glyph GID="519" PSName="uni03B80374.alt" />
<glyph GID="520" PSName="uni03B90374" />
<glyph GID="521" PSName="uni03BA0374" />
<glyph GID="522" PSName="uni03BA0374.alt" />
<glyph GID="523" PSName="uni03BB0374" />
<glyph GID="524" PSName="uni03BC0374" />
<glyph GID="525" PSName="uni03BD0374" />
<glyph GID="526" PSName="uni03BE0374" />
<glyph GID="527" PSName="uni03BF0374" />
<glyph GID="528" PSName="uni03C00374" />
<glyph GID="529" PSName="uni03C00374.alt" />
<glyph GID="530" PSName="uni03C10374" />
<glyph GID="531" PSName="uni03C10374.alt" />
<glyph GID="532" PSName="uni03C30374" />
<glyph GID="533" PSName="uni03C40374" />
<glyph GID="534" PSName="uni03C50374" />
<glyph GID="535" PSName="uni03C60374" />
<glyph GID="536" PSName="uni03C60374.alt" />
<glyph GID="537" PSName="uni03C70374" />
<glyph GID="538" PSName="uni03C80374" />
<glyph GID="539" PSName="uni03C90374" />
<glyph GID="540" PSName="uni03C90374.alt" />
<glyph GID="541" PSName="uni03B10375" />
<glyph GID="542" PSName="uni03B20375" />
<glyph GID="543" PSName="uni03B30375" />
<glyph GID="544" PSName="uni03B40375" />
<glyph GID="545" PSName="uni03B50375" />
<glyph GID="546" PSName="uni03B50375.alt" />
<glyph GID="547" PSName="uni03DD0375" />
<glyph GID="548" PSName="uni03DD0375.alt" />
<glyph GID="549" PSName="uni03B60375" />
<glyph GID="550" PSName="uni03B70375" />
<glyph GID="551" PSName="uni03B80375" />
<glyph GID="552" PSName="uni216F" UID="216F" />
<glyph GID="553" PSName="uni1FD6.turned" />
<glyph GID="554" PSName="endash.copy" />
<glyph GID="555" PSName="uni03D7" UID="03D7" />
<glyph GID="556" PSName="uni03F4" UID="03F4" />
<glyph GID="557" PSName="uni03DD.alt" />
<glyph GID="558" PSName="gravecomb" UID="0300" />
<glyph GID="559" PSName="acutecomb" UID="0301" />
<glyph GID="560" PSName="uni0308" UID="0308" />
<glyph GID="561" PSName="uni0313" UID="0313" />
<glyph GID="562" PSName="uni0314" UID="0314" />
<glyph GID="563" PSName="uni0342.tilde" />
<glyph GID="564" PSName="uni0344" UID="0344" />
<glyph GID="565" PSName="uni0345" UID="0345" />
<glyph GID="566" PSName="uni0343" UID="0343" />
<glyph GID="567" PSName="Scaron" UID="0160" />
<glyph GID="568" PSName="scaron" UID="0161" />
<glyph GID="569" PSName="brokenbar" UID="00A6" />
<glyph GID="570" PSName="hyphen" UID="00AD">
    <property name="GDLName" value="g_hyphen_1" />
</glyph>
<glyph GID="571" PSName="twosuperior" UID="00B2" />
<glyph GID="572" PSName="threesuperior" UID="00B3" />
<glyph GID="573" PSName="onesuperior" UID="00B9" />
<glyph GID="574" PSName="onequarter" UID="00BC" />
<glyph GID="575" PSName="onehalf" UID="00BD" />
<glyph GID="576" PSName="threequarters" UID="00BE" />
<glyph GID="577" PSName="Eth" UID="00D0" />
<glyph GID="578" PSName="multiply" UID="00D7" />
<glyph GID="579" PSName="Yacute" UID="00DD" />
<glyph GID="580" PSName="Thorn" UID="00DE" />
<glyph GID="581" PSName="eth" UID="00F0" />
<glyph GID="582" PSName="yacute" UID="00FD" />
<glyph GID="583" PSName="thorn" UID="00FE" />
<glyph GID="584" PSName="uni0304" UID="0304" />
<glyph GID="585" PSName="uni0306" UID="0306" />
<glyph GID="586" PSName="afii61664" UID="200C" />
<glyph GID="587" PSName="uni03F3" UID="03F3" />
<glyph GID="588" PSName="uni1FBD" UID="1FBD" />
<glyph GID="589" PSName="uni1FBE" UID="1FBE" />
<glyph GID="590" PSName="uni1FB0" UID="1FB0" />
<glyph GID="591" PSName="uni1FB1" UID="1FB1" />
<glyph GID="592" PSName="uni1FD0" UID="1FD0" />
<glyph GID="593" PSName="uni1FD1" UID="1FD1" />
<glyph GID="594" PSName="uni1FE0" UID="1FE0" />
<glyph GID="595" PSName="uni1FE1" UID="1FE1" />
<glyph GID="596" PSName="uni1F08" UID="1F08" />
<glyph GID="597" PSName="uni1F09" UID="1F09" />
<glyph GID="598" PSName="uni1F0A" UID="1F0A" />
<glyph GID="599" PSName="uni1F0B" UID="1F0B" />
<glyph GID="600" PSName="uni1F0C" UID="1F0C" />
<glyph GID="601" PSName="uni1F0D" UID="1F0D" />
<glyph GID="602" PSName="uni1F0E.tilde" />
<glyph GID="603" PSName="uni1F0F.tilde" />
<glyph GID="604" PSName="uni1F88" UID="1F88" />
<glyph GID="605" PSName="uni1F89" UID="1F89" />
<glyph GID="606" PSName="uni1F8A" UID="1F8A" />
<glyph GID="607" PSName="uni1F8B" UID="1F8B" />
<glyph GID="608" PSName="uni1F8C" UID="1F8C" />
<glyph GID="609" PSName="uni1F8D" UID="1F8D" />
<glyph GID="610" PSName="uni1F8E.tilde" />
<glyph GID="611" PSName="uni1F8F.tilde" />
<glyph GID="612" PSName="uni1FB8" UID="1FB8" />
<glyph GID="613" PSName="uni1FB9" UID="1FB9" />
<glyph GID="614" PSName="uni1FBA" UID="1FBA" />
<glyph GID="615" PSName="uni1FBB" UID="1FBB" />
<glyph GID="616" PSName="uni1FBC" UID="1FBC" />
<glyph GID="617" PSName="uni1F18" UID="1F18" />
<glyph GID="618" PSName="uni1F19" UID="1F19" />
<glyph GID="619" PSName="uni1F1A" UID="1F1A" />
<glyph GID="620" PSName="uni1F1B" UID="1F1B" />
<glyph GID="621" PSName="uni1F1C" UID="1F1C" />
<glyph GID="622" PSName="uni1F1D" UID="1F1D" />
<glyph GID="623" PSName="uni1FC8" UID="1FC8" />
<glyph GID="624" PSName="uni1FC9" UID="1FC9" />
<glyph GID="625" PSName="uni1F28" UID="1F28" />
<glyph GID="626" PSName="uni1F29" UID="1F29" />
<glyph GID="627" PSName="uni1F2A" UID="1F2A" />
<glyph GID="628" PSName="uni1F2B" UID="1F2B" />
<glyph GID="629" PSName="uni1F2C" UID="1F2C" />
<glyph GID="630" PSName="uni1F2D" UID="1F2D" />
<glyph GID="631" PSName="uni1F2E.tilde" />
<glyph GID="632" PSName="uni1F2F.tilde" />
<glyph GID="633" PSName="uni1F98" UID="1F98" />
<glyph GID="634" PSName="uni1F99" UID="1F99" />
<glyph GID="635" PSName="uni1F9A" UID="1F9A" />
<glyph GID="636" PSName="uni1F9B" UID="1F9B" />
<glyph GID="637" PSName="uni1F9C" UID="1F9C" />
<glyph GID="638" PSName="uni1F9D" UID="1F9D" />
<glyph GID="639" PSName="uni1F9E.tilde" />
<glyph GID="640" PSName="uni1F9F.tilde" />
<glyph GID="641" PSName="uni1FCA" UID="1FCA" />
<glyph GID="642" PSName="uni1FCB" UID="1FCB" />
<glyph GID="643" PSName="uni1FCC" UID="1FCC" />
<glyph GID="644" PSName="uni1F38" UID="1F38" />
<glyph GID="645" PSName="uni1F39" UID="1F39" />
<glyph GID="646" PSName="uni1F3A" UID="1F3A" />
<glyph GID="647" PSName="uni1F3B" UID="1F3B" />
<glyph GID="648" PSName="uni1F3C" UID="1F3C" />
<glyph GID="649" PSName="uni1F3D" UID="1F3D" />
<glyph GID="650" PSName="uni1F3E.tilde" />
<glyph GID="651" PSName="uni1F3F.tilde" />
<glyph GID="652" PSName="uni1FD8" UID="1FD8" />
<glyph GID="653" PSName="uni1FD9" UID="1FD9" />
<glyph GID="654" PSName="uni1FDA" UID="1FDA" />
<glyph GID="655" PSName="uni1FDB" UID="1FDB" />
<glyph GID="656" PSName="uni1F48" UID="1F48" />
<glyph GID="657" PSName="uni1F49" UID="1F49" />
<glyph GID="658" PSName="uni1F4A" UID="1F4A" />
<glyph GID="659" PSName="uni1F4B" UID="1F4B" />
<glyph GID="660" PSName="uni1F4C" UID="1F4C" />
<glyph GID="661" PSName="uni1F4D" UID="1F4D" />
<glyph GID="662" PSName="uni1FF8" UID="1FF8" />
<glyph GID="663" PSName="uni1FF9" UID="1FF9" />
<glyph GID="664" PSName="uni1F59" UID="1F59" />
<glyph GID="665" PSName="uni1F5B" UID="1F5B" />
<glyph GID="666" PSName="uni1F5D" UID="1F5D" />
<glyph GID="667" PSName="uni1F5F.tilde" />
<glyph GID="668" PSName="uni1FE8" UID="1FE8" />
<glyph GID="669" PSName="uni1FE9" UID="1FE9" />
<glyph GID="670" PSName="uni1FEA" UID="1FEA" />
<glyph GID="671" PSName="uni1FEB" UID="1FEB" />
<glyph GID="672" PSName="uni1F68" UID="1F68" />
<glyph GID="673" PSName="uni1F69" UID="1F69" />
<glyph GID="674" PSName="uni1F6A" UID="1F6A" />
<glyph GID="675" PSName="uni1F6B" UID="1F6B" />
<glyph GID="676" PSName="uni1F6C" UID="1F6C" />
<glyph GID="677" PSName="uni1F6D" UID="1F6D" />
<glyph GID="678" PSName="uni1F6E.tilde" />
<glyph GID="679" PSName="uni1F6F.tilde" />
<glyph GID="680" PSName="uni1FA8" UID="1FA8" />
<glyph GID="681" PSName="uni1FA9" UID="1FA9" />
<glyph GID="682" PSName="uni1FAA" UID="1FAA" />
<glyph GID="683" PSName="uni1FAB" UID="1FAB" />
<glyph GID="684" PSName="uni1FAC" UID="1FAC" />
<glyph GID="685" PSName="uni1FAD" UID="1FAD" />
<glyph GID="686" PSName="uni1FAE.tilde" />
<glyph GID="687" PSName="uni1FAF.tilde" />
<glyph GID="688" PSName="uni1FFA" UID="1FFA" />
<glyph GID="689" PSName="uni1FFB" UID="1FFB" />
<glyph GID="690" PSName="uni1FFC" UID="1FFC" />
<glyph GID="691" PSName="uni1FEC" UID="1FEC" />
<glyph GID="692" PSName="uni1F0E" UID="1F0E" />
<glyph GID="693" PSName="uni1F0F" UID="1F0F" />
<glyph GID="694" PSName="uni1F2E" UID="1F2E" />
<glyph GID="695" PSName="uni1F2F" UID="1F2F" />
<glyph GID="696" PSName="uni1F3E" UID="1F3E" />
<glyph GID="697" PSName="uni1F3F" UID="1F3F" />
<glyph GID="698" PSName="uni1F5F" UID="1F5F" />
<glyph GID="699" PSName="uni1F6E" UID="1F6E" />
<glyph GID="700" PSName="uni1F6F" UID="1F6F" />
<glyph GID="701" PSName="uni1F8E" UID="1F8E" />
<glyph GID="702" PSName="uni1F8F" UID="1F8F" />
<glyph GID="703" PSName="uni1F9E" UID="1F9E" />
<glyph GID="704" PSName="uni1F9F" UID="1F9F" />
<glyph GID="705" PSName="uni1FAE" UID="1FAE" />
<glyph GID="706" PSName="uni1FAF" UID="1FAF" />
<glyph GID="707" PSName="uni0342" UID="0342" />
<glyph GID="708" PSName="uni0308.copy" />
</font>