<?xml version='1.0' encoding='utf-8'?>
<font producer="graide 1.0" upem="2048">

<glyph GID="0" PSName=".notdef" />
<glyph GID="1" PSName=".null" />
<glyph GID="2" PSName="nonmarkingreturn" UID="000D" />
<glyph GID="3" PSName="space" UID="0020" />
<glyph GID="4" PSName="exclam" UID="0021" />
<glyph GID="5" PSName="quotedbl" UID="0022" />
<glyph GID="6" PSName="numbersign" UID="0023" />
<glyph GID="7" PSName="dollar" UID="0024" />
<glyph GID="8" PSName="percent" UID="0025" />
<glyph GID="9" PSName="ampersand" UID="0026" />
<glyph GID="10" PSName="quotesingle" UID="0027" />
<glyph GID="11" PSName="parenleft" UID="0028" />
<glyph GID="12" PSName="parenright" UID="0029" />
<glyph GID="13" PSName="asterisk" UID="002A" />
<glyph GID="14" PSName="plus" UID="002B" />
<glyph GID="15" PSName="comma" UID="002C" />
<glyph GID="16" PSName="hyphen" UID="002D" />
<glyph GID="17" PSName="period" UID="002E" />
<glyph GID="18" PSName="slash" UID="002F" />
<glyph GID="19" PSName="zero" UID="0030" />
<glyph GID="20" PSName="one" UID="0031" />
<glyph GID="21" PSName="two" UID="0032" />
<glyph GID="22" PSName="three" UID="0033" />
<glyph GID="23" PSName="four" UID="0034" />
<glyph GID="24" PSName="five" UID="0035" />
<glyph GID="25" PSName="six" UID="0036" />
<glyph GID="26" PSName="seven" UID="0037" />
<glyph GID="27" PSName="eight" UID="0038" />
<glyph GID="28" PSName="nine" UID="0039" />
<glyph GID="29" PSName="colon" UID="003A" />
<glyph GID="30" PSName="semicolon" UID="003B" />
<glyph GID="31" PSName="less" UID="003C" />
<glyph GID="32" PSName="equal" UID="003D" />
<glyph GID="33" PSName="greater" UID="003E" />
<glyph GID="34" PSName="question" UID="003F" />
<glyph GID="35" PSName="at" UID="0040" />
<glyph GID="36" PSName="A" UID="0041" />
<glyph GID="37" PSName="B" UID="0042" />
<glyph GID="38" PSName="C" UID="0043" />
<glyph GID="39" PSName="D" UID="0044" />
<glyph GID="40" PSName="E" UID="0045" />
<glyph GID="41" PSName="F" UID="0046" />
<glyph GID="42" PSName="G" UID="0047" />
<glyph GID="43" PSName="H" UID="0048" />
<glyph GID="44" PSName="I" UID="0049" />
<glyph GID="45" PSName="J" UID="004A" />
<glyph GID="46" PSName="K" UID="004B" />
<glyph GID="47" PSName="L" UID="004C" />
<glyph GID="48" PSName="M" UID="004D" />
<glyph GID="49" PSName="N" UID="004E" />
<glyph GID="50" PSName="O" UID="004F" />
<glyph GID="51" PSName="P" UID="0050" />
<glyph GID="52" PSName="Q" UID="0051" />
<glyph GID="53" PSName="R" UID="0052" />
<glyph GID="54" PSName="S" UID="0053" />
<glyph GID="55" PSName="T" UID="0054" />
<glyph GID="56" PSName="U" UID="0055" />
<glyph GID="57" PSName="V" UID="0056" />
<glyph GID="58" PSName="W" UID="0057" />
<glyph GID="59" PSName="X" UID="0058" />
<glyph GID="60" PSName="Y" UID="0059" />
<glyph GID="61" PSName="Z" UID="005A" />
<glyph GID="62" PSName="bracketleft" UID="005B" />
<glyph GID="63" PSName="backslash" UID="005C" />
<glyph GID="64" PSName="bracketright" UID="005D" />
<glyph GID="65" PSName="asciicircum" UID="005E" />
<glyph GID="66" PSName="underscore" UID="005F" />
<glyph GID="67" PSName="grave" UID="0060" />
<glyph GID="68" PSName="a" UID="0061">
    <point type="lower">
        <location x="962" y="0" />
    </point>
</glyph>
<glyph GID="69" PSName="b" UID="0062" />
<glyph GID="70" PSName="c" UID="0063" />
<glyph GID="71" PSName="d" UID="0064" />
<glyph GID="72" PSName="e" UID="0065">
    <point type="lower">
        <location x="971" y="0" />
    </point>
</glyph>
<glyph GID="73" PSName="f" UID="0066" />
<glyph GID="74" PSName="g" UID="0067" />
<glyph GID="75" PSName="h" UID="0068" />
<glyph GID="76" PSName="i" UID="0069">
    <point type="lower">
        <location x="797" y="0" />
    </point>
</glyph>
<glyph GID="77" PSName="j" UID="006A" />
<glyph GID="78" PSName="k" UID="006B" />
<glyph GID="79" PSName="l" UID="006C" />
<glyph GID="80" PSName="m" UID="006D" />
<glyph GID="81" PSName="n" UID="006E" />
<glyph GID="82" PSName="o" UID="006F">
    <point type="lower">
        <location x="1054" y="0" />
    </point>
</glyph>
<glyph GID="83" PSName="p" UID="0070" />
<glyph GID="84" PSName="q" UID="0071" />
<glyph GID="85" PSName="r" UID="0072" />
<glyph GID="86" PSName="s" UID="0073" />
<glyph GID="87" PSName="t" UID="0074" />
<glyph GID="88" PSName="u" UID="0075">
    <point type="lower">
        <location x="1033" y="10" />
    </point>
</glyph>
<glyph GID="89" PSName="v" UID="0076" />
<glyph GID="90" PSName="w" UID="0077" />
<glyph GID="91" PSName="x" UID="0078" />
<glyph GID="92" PSName="y" UID="0079" />
<glyph GID="93" PSName="z" UID="007A" />
<glyph GID="94" PSName="braceleft" UID="007B" />
<glyph GID="95" PSName="bar" UID="007C" />
<glyph GID="96" PSName="braceright" UID="007D" />
<glyph GID="97" PSName="asciitilde" UID="007E" />
<glyph GID="98" PSName="Adieresis" UID="00C4" />
<glyph GID="99" PSName="Aring" UID="00C5" />
<glyph GID="100" PSName="Ccedilla" UID="00C7" />
<glyph GID="101" PSName="Eacute" UID="00C9" />
<glyph GID="102" PSName="Ntilde" UID="00D1" />
<glyph GID="103" PSName="Odieresis" UID="00D6" />
<glyph GID="104" PSName="Udieresis" UID="00DC" />
<glyph GID="105" PSName="aacute" UID="00E1" />
<glyph GID="106" PSName="agrave" UID="00E0" />
<glyph GID="107" PSName="acircumflex" UID="00E2" />
<glyph GID="108" PSName="adieresis" UID="00E4" />
<glyph GID="109" PSName="atilde" UID="00E3" />
<glyph GID="110" PSName="aring" UID="00E5" />
<glyph GID="111" PSName="ccedilla" UID="00E7" />
<glyph GID="112" PSName="eacute" UID="00E9" />
<glyph GID="113" PSName="egrave" UID="00E8" />
<glyph GID="114" PSName="ecircumflex" UID="00EA" />
<glyph GID="115" PSName="edieresis" UID="00EB" />
<glyph GID="116" PSName="iacute" UID="00ED" />
<glyph GID="117" PSName="igrave" UID="00EC" />
<glyph GID="118" PSName="icircumflex" UID="00EE" />
<glyph GID="119" PSName="idieresis" UID="00EF" />
<glyph GID="120" PSName="ntilde" UID="00F1" />
<glyph GID="121" PSName="oacute" UID="00F3" />
<glyph GID="122" PSName="ograve" UID="00F2" />
<glyph GID="123" PSName="ocircumflex" UID="00F4" />
<glyph GID="124" PSName="odieresis" UID="00F6" />
<glyph GID="125" PSName="otilde" UID="00F5" />
<glyph GID="126" PSName="uacute" UID="00FA" />
<glyph GID="127" PSName="ugrave" UID="00F9" />
<glyph GID="128" PSName="ucircumflex" UID="00FB" />
<glyph GID="129" PSName="udieresis" UID="00FC" />
<glyph GID="130" PSName="degree" UID="00B0" />
<glyph GID="131" PSName="cent" UID="00A2" />
<glyph GID="132" PSName="sterling" UID="00A3" />
<glyph GID="133" PSName="section" UID="00A7" />
<glyph GID="134" PSName="paragraph" UID="00B6" />
<glyph GID="135" PSName="germandbls" UID="00DF" />
<glyph GID="136" PSName="registered" UID="00AE" />
<glyph GID="137" PSName="copyright" UID="00A9" />
<glyph GID="138" PSName="acute" UID="00B4" />
<glyph GID="139" PSName="dieresis" UID="00A8" />
<glyph GID="140" PSName="AE" UID="00C6" />
<glyph GID="141" PSName="Oslash" UID="00D8" />
<glyph GID="142" PSName="plusminus" UID="00B1" />
<glyph GID="143" PSName="yen" UID="00A5" />
<glyph GID="144" PSName="mu" UID="00B5" />
<glyph GID="145" PSName="ordfeminine" UID="00AA" />
<glyph GID="146" PSName="ordmasculine" UID="00BA" />
<glyph GID="147" PSName="ae" UID="00E6" />
<glyph GID="148" PSName="oslash" UID="00F8" />
<glyph GID="149" PSName="questiondown" UID="00BF" />
<glyph GID="150" PSName="exclamdown" UID="00A1" />
<glyph GID="151" PSName="logicalnot" UID="00AC" />
<glyph GID="152" PSName="guillemotleft" UID="00AB" />
<glyph GID="153" PSName="guillemotright" UID="00BB" />
<glyph GID="154" PSName="uni00A0" UID="00A0" />
<glyph GID="155" PSName="Agrave" UID="00C0" />
<glyph GID="156" PSName="Atilde" UID="00C3" />
<glyph GID="157" PSName="Otilde" UID="00D5" />
<glyph GID="158" PSName="OE" UID="0152" />
<glyph GID="159" PSName="oe" UID="0153" />
<glyph GID="160" PSName="divide" UID="00F7" />
<glyph GID="161" PSName="ydieresis" UID="00FF" />
<glyph GID="162" PSName="currency" UID="00A4" />
<glyph GID="163" PSName="fi" UID="FB01" />
<glyph GID="164" PSName="fl" UID="FB02" />
<glyph GID="165" PSName="periodcentered" UID="00B7" />
<glyph GID="166" PSName="Acircumflex" UID="00C2" />
<glyph GID="167" PSName="Ecircumflex" UID="00CA" />
<glyph GID="168" PSName="Aacute" UID="00C1" />
<glyph GID="169" PSName="Edieresis" UID="00CB" />
<glyph GID="170" PSName="Egrave" UID="00C8" />
<glyph GID="171" PSName="Iacute" UID="00CD" />
<glyph GID="172" PSName="Icircumflex" UID="00CE" />
<glyph GID="173" PSName="Idieresis" UID="00CF" />
<glyph GID="174" PSName="Igrave" UID="00CC" />
<glyph GID="175" PSName="Oacute" UID="00D3" />
<glyph GID="176" PSName="Ocircumflex" UID="00D4" />
<glyph GID="177" PSName="Ograve" UID="00D2" />
<glyph GID="178" PSName="Uacute" UID="00DA" />
<glyph GID="179" PSName="Ucircumflex" UID="00DB" />
<glyph GID="180" PSName="Ugrave" UID="00D9" />
<glyph GID="181" PSName="macron" UID="00AF" />
<glyph GID="182" PSName="cedilla" UID="00B8" />
<glyph GID="183" PSName="uni0363" UID="0363" />
<glyph GID="184" PSName="uni0368" UID="0368" />
<glyph GID="185" PSName="uni0369" UID="0369" />
<glyph GID="186" PSName="eth" UID="00F0" />
<glyph GID="187" PSName="Eth" UID="00D0" />
<glyph GID="188" PSName="uni0364" UID="0364" />
<glyph GID="189" PSName="ffi" UID="FB03" />
<glyph GID="190" PSName="ffl" UID="FB04" />
<glyph GID="191" PSName="ff" UID="FB00" />
<glyph GID="192" PSName="uni036A" UID="036A" />
<glyph GID="193" PSName="uni0365" UID="0365" />
<glyph GID="194" PSName="i.Dotless" />
<glyph GID="195" PSName="j.Dotless" />
<glyph GID="196" PSName="uni036B" UID="036B" />
<glyph GID="197" PSName="uni0366" UID="0366" />
<glyph GID="198" PSName="thorn" UID="00FE" />
<glyph GID="199" PSName="Thorn" UID="00DE" />
<glyph GID="200" PSName="uni036C" UID="036C" />
<glyph GID="201" PSName="uni036D" UID="036D" />
<glyph GID="202" PSName="uni0367" UID="0367" />
<glyph GID="203" PSName="uni036E" UID="036E" />
<glyph GID="204" PSName="uni036F" UID="036F" />
<glyph GID="205" PSName="yacute" UID="00FD" />
<glyph GID="206" PSName="Yacute" UID="00DD" />
<glyph GID="207" PSName="uni2080" UID="2080" />
<glyph GID="208" PSName="uni2081" UID="2081" />
<glyph GID="209" PSName="onesuperior" UID="00B9" />
<glyph GID="210" PSName="uni2082" UID="2082" />
<glyph GID="211" PSName="twosuperior" UID="00B2" />
<glyph GID="212" PSName="uni2083" UID="2083" />
<glyph GID="213" PSName="threesuperior" UID="00B3" />
<glyph GID="214" PSName="uni2084" UID="2084" />
<glyph GID="215" PSName="uni2085" UID="2085" />
<glyph GID="216" PSName="uni2086" UID="2086" />
<glyph GID="217" PSName="uni2087" UID="2087" />
<glyph GID="218" PSName="uni2088" UID="2088" />
<glyph GID="219" PSName="uni2089" UID="2089" />
<glyph GID="220" PSName="uni215F" UID="215F" />
<glyph GID="221" PSName="onehalf" UID="00BD" />
<glyph GID="222" PSName="onethird" UID="2153" />
<glyph GID="223" PSName="onequarter" UID="00BC" />
<glyph GID="224" PSName="uni2155" UID="2155" />
<glyph GID="225" PSName="uni2159" UID="2159" />
<glyph GID="226" PSName="oneeighth" UID="215B" />
<glyph GID="227" PSName="twothirds" UID="2154" />
<glyph GID="228" PSName="uni2156" UID="2156" />
<glyph GID="229" PSName="threequarters" UID="00BE" />
<glyph GID="230" PSName="uni2157" UID="2157" />
<glyph GID="231" PSName="threeeighths" UID="215C" />
<glyph GID="232" PSName="uni2158" UID="2158" />
<glyph GID="233" PSName="uni215A" UID="215A" />
<glyph GID="234" PSName="fiveeighths" UID="215D" />
<glyph GID="235" PSName="seveneighths" UID="215E" />
<glyph GID="236" PSName="uni0312" UID="0312" />
<glyph GID="237" PSName="uni0314" UID="0314" />
<glyph GID="238" PSName="anoteleia" UID="0387" />
<glyph GID="239" PSName="brokenbar" UID="00A6" />
<glyph GID="240" PSName="uni0337" UID="0337" />
<glyph GID="241" PSName="uni0338" UID="0338" />
<glyph GID="242" PSName="uni00AD" UID="00AD" />
<glyph GID="243" PSName="uni0320" UID="0320" />
<glyph GID="244" PSName="uni0335" UID="0335" />
<glyph GID="245" PSName="uni0336" UID="0336" />
<glyph GID="246" PSName="uni0317" UID="0317">
    <point type="_lower">
        <location x="0" y="0" />
    </point>
</glyph>
<glyph GID="247" PSName="acutecomb" UID="0301" />
<glyph GID="248" PSName="uni030B" UID="030B" />
<glyph GID="249" PSName="uni0316" UID="0316">
    <point type="_lower">
        <location x="0" y="0" />
    </point>
</glyph>
<glyph GID="250" PSName="gravecomb" UID="0300" />
<glyph GID="251" PSName="uni030F" UID="030F" />
<glyph GID="252" PSName="uni032D" UID="032D" />
<glyph GID="253" PSName="uni0302" UID="0302" />
<glyph GID="254" PSName="uni032F" UID="032F" />
<glyph GID="255" PSName="uni0311" UID="0311" />
<glyph GID="256" PSName="uni0352" UID="0352" />
<glyph GID="257" PSName="uni0361" UID="0361" />
<glyph GID="258" PSName="uni032E" UID="032E" />
<glyph GID="259" PSName="uni0306" UID="0306" />
<glyph GID="260" PSName="uni0310" UID="0310" />
<glyph GID="261" PSName="uni035C" UID="F176" />
<glyph GID="262" PSName="uni035D" UID="035D" />
<glyph GID="263" PSName="uni032C" UID="032C" />
<glyph GID="264" PSName="uni030C" UID="030C" />
<glyph GID="265" PSName="uni0330" UID="0330" />
<glyph GID="266" PSName="uni0334" UID="0334" />
<glyph GID="267" PSName="tildecomb" UID="0303" />
<glyph GID="268" PSName="uni034A" UID="034A" />
<glyph GID="269" PSName="uni034C" UID="034C" />
<glyph GID="270" PSName="uni034B" UID="034B" />
<glyph GID="271" PSName="uni0360" UID="0360" />
<glyph GID="272" PSName="uni033E" UID="033E" />
<glyph GID="273" PSName="uni035B" UID="035B" />
<glyph GID="274" PSName="uni0359" UID="0359" />
<glyph GID="275" PSName="uni0353" UID="0353" />
<glyph GID="276" PSName="uni033D" UID="033D" />
<glyph GID="277" PSName="multiply" UID="00D7" />
<glyph GID="278" PSName="uni032B" UID="032B" />
<glyph GID="279" PSName="uni033C" UID="033C" />
<glyph GID="280" PSName="uni0331" UID="0331" />
<glyph GID="281" PSName="uni0304" UID="0304" />
<glyph GID="282" PSName="uni035F" UID="035F" />
<glyph GID="283" PSName="uni035E" UID="035E" />
<glyph GID="284" PSName="uni0332" UID="0332" />
<glyph GID="285" PSName="uni0305" UID="0305" />
<glyph GID="286" PSName="uni0333" UID="0333" />
<glyph GID="287" PSName="uni0347" UID="0347" />
<glyph GID="288" PSName="uni033F" UID="033F" />
<glyph GID="289" PSName="uni0324" UID="0324">
    <point type="_lower">
        <location x="0" y="0" />
    </point>
</glyph>
<glyph GID="290" PSName="uni0308" UID="0308" />
<glyph GID="291" PSName="dotbelowcomb" UID="0323" />
<glyph GID="292" PSName="uni0307" UID="0307" />
<glyph GID="293" PSName="uni0358" UID="0358" />
<glyph GID="294" PSName="uni0326" UID="0326" />
<glyph GID="295" PSName="uni0313" UID="0313" />
<glyph GID="296" PSName="uni0315" UID="0315" />
<glyph GID="297" PSName="uni031B" UID="031B" />
<glyph GID="298" PSName="uni0325" UID="0325">
    <point type="_lower">
        <location x="0" y="0" />
    </point>
</glyph>
<glyph GID="299" PSName="uni030A" UID="030A" />
<glyph GID="300" PSName="uni035A" UID="035A" />
<glyph GID="301" PSName="uni031C" UID="031C" />
<glyph GID="302" PSName="uni0351" UID="0351" />
<glyph GID="303" PSName="uni0339" UID="0339" />
<glyph GID="304" PSName="uni0357" UID="0357" />
<glyph GID="305" PSName="hookabovecomb" UID="0309" />
<glyph GID="306" PSName="uni0329" UID="0329">
    <point type="_lower">
        <location x="0" y="0" />
    </point>
</glyph>
<glyph GID="307" PSName="uni030D" UID="030D" />
<glyph GID="308" PSName="uni0348" UID="0348" />
<glyph GID="309" PSName="uni030E" UID="030E" />
<glyph GID="310" PSName="uni031F" UID="031F">
    <point type="_lower">
        <location x="0" y="0" />
    </point>
</glyph>
<glyph GID="311" PSName="uni031E" UID="031E" />
<glyph GID="312" PSName="uni031D" UID="031D" />
<glyph GID="313" PSName="uni0318" UID="0318" />
<glyph GID="314" PSName="uni0319" UID="0319" />
<glyph GID="315" PSName="uni0349" UID="0349" />
<glyph GID="316" PSName="uni031A" UID="031A" />
<glyph GID="317" PSName="uni0327" UID="0327" />
<glyph GID="318" PSName="uni0328" UID="0328" />
<glyph GID="319" PSName="uni032A" UID="032A" />
<glyph GID="320" PSName="uni0346" UID="0346" />
<glyph GID="321" PSName="uni033A" UID="033A" />
<glyph GID="322" PSName="uni033B" UID="033B" />
<glyph GID="323" PSName="uni034E" UID="034E" />
<glyph GID="324" PSName="uni0362" UID="0362" />
<glyph GID="325" PSName="uni034D" UID="034D" />
<glyph GID="326" PSName="uni0354" UID="0354" />
<glyph GID="327" PSName="uni0350" UID="0350" />
<glyph GID="328" PSName="uni0355" UID="0355" />
<glyph GID="329" PSName="uni0356" UID="0356" />
<glyph GID="330" PSName="uni034F" UID="034F" />
<glyph GID="331" PSName="CombTildeOverlay.Lrg" />
<glyph GID="332" PSName="ring" UID="02DA" />
<glyph GID="333" PSName="tilde" UID="02DC" />
<glyph GID="334" PSName="dotlessi" UID="0131" />
<glyph GID="335" PSName="uni1D43" UID="1D43" />
<glyph GID="336" PSName="uni1D9C" UID="F1B9" />
<glyph GID="337" PSName="uni1D48" UID="1D48" />
<glyph GID="338" PSName="uni1D49" UID="1D49" />
<glyph GID="339" PSName="uni02B0" UID="02B0" />
<glyph GID="340" PSName="uni2071" UID="2071" />
<glyph GID="341" PSName="uni1D50" UID="F180" />
<glyph GID="342" PSName="uni1D52" UID="1D52" />
<glyph GID="343" PSName="uni02B3" UID="02B3" />
<glyph GID="344" PSName="uni1D57" UID="1D57" />
<glyph GID="345" PSName="uni1D58" UID="1D58" />
<glyph GID="346" PSName="uni1D5B" UID="1D5B" />
<glyph GID="347" PSName="uni02E3" UID="02E3" />
<glyph GID="348" PSName="uni02CF" UID="02CF" />
<glyph GID="349" PSName="hungarumlaut" UID="02DD" />
<glyph GID="350" PSName="uni02CD" UID="02CD" />
<glyph GID="351" PSName="dotaccent" UID="02D9" />
<glyph GID="352" PSName="uni208A" UID="208A" />
</font>